word,count,score
آبادی,13221,24704
آبخیز,681,14079
آبدار,856,24388
آبدان,278,23174
آبراه,1073,24552
آبریز,3238,18977
آبستن,900,16540
آبکند,1,14921
آبگیر,881,18808
آبونه,20,17422
آبیار,75,27403
آتشین,2031,18929
آتلیه,504,18492
آخرین,113202,20658
آخشیج,71,12137
آخوند,3338,15283
آدامس,612,22440
آدمیت,799,20559
آدینه,801,20322
آذرخش,1490,10930
آذرین,811,19348
آذوقه,3820,10282
آرامش,13131,24289
آرایش,8468,25908
آرشیو,3680,19992
آرمان,4011,27493
آروین,168,23196
آزاده,1408,19906
آزادی,75970,22757
آزردن,54,17671
آزرده,996,16350
آزگار,57,20101
آزمند,138,16368
آزمون,24192,16707
آژانس,26146,18858
آسایش,3178,22340
آستان,9241,23019
آسمان,22514,23925
آسودن,26,16613
آسوده,1371,15292
آسوری,519,20842
آسیمه,30,19364
آشپزی,4524,11904
آشغال,395,16030
آشفتن,23,13672
آشفته,3594,12351
آشکار,31394,20895
آشکوب,25,12056
آشیان,207,24694
آغشتن,49,12585
آغشته,2441,11264
آفتاب,9379,19937
آفرین,2240,20615
آقایی,497,18781
آکندن,3,11368
آکنده,1095,15309
آگاهی,26809,22752
آلاله,480,17465
آلامد,21,22474
آلایش,525,22374
آلبوم,128269,16334
آلودن,209,16647
آلوده,15009,15326
آلونک,101,14649
آماده,40824,23473
آمپول,535,13679
آمرزش,849,15863
آموزش,114644,13503
آمیزش,11211,16179
آمیزه,579,18062
آنتیک,156,18650
آنقدر,8342,17472
آنگاه,17408,21222
آواره,2928,25115
آوازه,2607,20245
آوردن,36512,20181
آویزش,12,15122
آویزه,50,17005
آهسته,5339,11666
آهنگر,845,17666
آینده,52406,20322
آیینه,1646,16545
اباحت,2,19016
ابتدا,138217,21629
ابدال,354,20304
ابدیت,468,28421
ابراز,24591,21667
ابرام,209,25234
ابریق,12,28260
ابزار,33149,21667
ابصار,2,20704
ابطال,3482,17228
ابلهی,40,27260
ابلیس,694,26227
ابواب,1174,17701
ابهام,5544,22699
اتابک,3860,19631
اتاقک,2503,17485
اتباع,6495,19245
اتحاد,45611,19240
اتراق,662,22182
اتساع,582,18600
اتصال,34437,17884
اتفاق,80146,17241
اتلاف,3471,18776
اتمام,26188,19472
اتهام,24749,23413
اتیکت,51,22870
اثاثه,52,14169
اثبات,36910,18048
اجابت,1350,19011
اجاره,9496,21608
اجازت,26,17064
اجازه,89474,16738
اجامر,25,22840
اجانب,261,20006
اجبار,5977,21220
اجحاف,82,13890
اجداد,5523,14968
اجلاس,9416,17041
اجمال,294,19306
اجناس,2638,19361
اجنبی,300,26798
احاطه,10063,15838
احاله,156,18079
احداث,34175,15169
احراز,6042,19278
احساس,43183,14104
احسان,3153,19366
احسنت,29,23633
احشام,1043,18427
احضار,7878,18001
احفاد,342,16508
احلام,40,19311
احمقی,44,24568
احوال,7299,18254
اخاذی,635,18670
اخبار,19904,21639
اختفا,316,17412
اخراج,25599,19245
اخروی,478,28994
اخطار,2715,18787
اخلاص,649,15195
اخلاف,1068,16087
اخلاق,14116,15959
اخلال,2908,14552
اداره,89020,24226
اداری,28938,27077
ادامه,228146,22923
ادبار,32,23838
ادخال,32,18329
ادرار,6175,20285
ادراک,4847,22064
ادوات,3464,22192
اذعان,6959,16955
اذهان,2853,19503
ارائه,175936,20519
ارابه,1716,24002
ارادت,1943,24552
اراده,7240,24226
اراذل,813,19718
ارباب,7962,20061
ارتشا,51,22833
ارتشی,4441,29625
ارتقا,12409,22182
ارجاع,9206,19060
ارحام,102,22845
ارزاق,249,19521
ارزان,7605,23376
ارسال,50905,22358
ارشاد,9775,22343
ارعاب,1366,21454
ارفاق,76,19450
ارکان,4241,23549
ارگان,4557,23207
اروند,854,29663
اریکه,386,29020
ازاله,61,18521
ازجهت,2,21005
ازگیل,211,22809
اژدها,2994,17856
اسارت,12795,23683
اساسی,86254,19732
اسباب,5094,16493
اسباط,209,17194
اسپرز,1365,21920
اسپرم,3069,25487
استاد,61920,20984
استخر,5825,25261
استیل,3566,26941
اسراف,532,20951
اسطقس,4,15048
اسفنج,704,20896
اسفند,77340,23514
اسقاط,170,15048
اسکان,9829,19981
اسکلت,4248,21928
اسکله,1856,21602
اسلاف,556,17417
اسلحه,15339,20987
اسلوب,1656,23551
اسهال,1888,19823
اسیری,792,26208
اشاره,410248,22507
اشاعه,2786,17424
اشباع,5289,17036
اشخاص,13887,14311
اشراف,12326,20101
اشراق,1037,19973
اشعار,35186,19959
اشغال,45197,15480
اشکال,28405,16811
اشکوب,745,21538
اصابت,8933,18495
اصالت,8589,17884
اصحاب,7065,15392
اصدار,15,20928
اصرار,16101,17151
اصطبل,607,17871
اصلاً,9567,13690
اصلاح,43367,14781
اضافه,72143,15837
اضافی,18208,18688
اضرار,63,16837
اطاعت,11532,16393
اطاقک,24,13919
اطاله,77,17616
اطراف,83159,18744
اطعام,506,17299
اطفال,3692,15210
اطلاع,25981,15068
اطلاق,25334,15082
اطناب,127,19548
اطوار,123,21325
اظهار,46328,20624
اعاده,1491,19143
اعاشه,55,17424
اعانت,123,20954
اعتلا,260,18634
اعتنا,1215,20954
اعجاب,283,16137
اعجاز,908,14190
اعراض,317,18230
اعراف,51,19436
اعزاز,97,13031
اعزام,25588,18204
اعسار,21,20809
اعظام,44,16773
اعقاب,1280,16385
اعلام,329411,19540
اعمال,69160,19540
اعیان,3484,23479
اغراق,1914,18363
اغفال,449,14957
اغماض,718,15982
اغیار,57,23748
افاده,373,19285
افاقه,13,16915
افترا,801,22310
افراز,964,19649
افراط,2395,18744
افزار,4336,19649
افزون,17363,22551
افساد,144,18252
افسار,379,20951
افسوس,1072,18591
افسون,829,23853
افشان,1148,18887
افشره,88,24042
افغان,8490,17277
افکار,19141,19822
افگار,9,19480
افلاس,32,17417
افلیج,14,22460
افندی,2664,27398
افیون,290,27737
اقارب,121,21468
اقاله,36,18322
اقامت,30876,20879
اقبال,6039,17934
اقتدا,453,19483
اقتضا,371,16035
اقدام,94930,20389
اقرار,2346,17915
اقران,141,23177
اقربا,8,21468
اقسام,2217,19520
اقطار,86,18616
اقلاً,271,14454
اقلیت,11726,25440
اقلیم,9080,26346
اقناع,997,18094
اقوام,30310,20728
اکابر,709,21840
اکتفا,2321,17613
اکرام,406,23460
اکراه,1939,22228
اکسید,12048,25288
اکسیر,442,27987
اکمال,227,19926
اکناف,319,18608
اکنون,68513,21189
اگرچه,75735,22340
اگزما,186,18248
البته,106525,24735
التقا,4,18648
الحاح,19,14138
الحاد,478,17915
الحاق,7671,15545
الحال,73,14138
الزام,1931,19753
القاح,24,15545
القصه,32,18965
النگو,51,23789
الواط,24,17791
الوان,359,22352
الهام,24582,22088
امارت,5658,25948
اماکن,10014,22246
اماله,14,22088
امامت,19081,19472
امانت,2948,24734
امتلا,13,22414
امداد,3070,18982
امرار,2635,21681
امرود,31,29574
امریه,126,32414
امساک,145,19892
امعان,11,21860
امکان,93964,22246
املاک,13588,19926
امنیت,75015,31526
امنیه,275,31200
اموال,16711,22263
امیری,2794,28473
انابت,12,23114
انابه,14,22788
انبار,10209,25323
انباز,27,20453
انبان,61,18847
انبوه,9937,26904
انتها,6321,23502
انجام,475386,21626
انجمن,59504,21626
انجیر,1876,29721
انجین,232,23245
انحنا,700,16458
اندام,9135,24244
اندرز,1470,27153
اندکی,39285,27642
اندوه,3254,27128
انذار,387,22038
انرژی,98552,28668
انزوا,2358,21016
انسان,112456,18202
انصاف,1604,17472
انعام,553,21860
انفیه,39,27562
انقضا,180,17030
انکار,12344,23549
انگار,2450,23207
انگشت,9875,23056
انگور,4870,27323
انواع,99098,20803
اوایل,85733,23882
اوباش,2191,19759
اوراد,218,24401
اورنگ,979,27323
اوقات,29466,19822
اولاد,2629,20867
اولین,362623,29144
اوهام,266,23262
اهالی,48643,23707
اهانت,3395,23502
اهلیت,155,27974
اهمال,579,22088
اهمیت,76769,30205
ایادی,930,20601
ایثار,856,23496
ایجاد,353696,21760
ایجاز,518,19589
ایذاء,67,17104
ایراد,9420,27077
ایزدی,3378,22207
ایستا,3290,23999
ایضاً,141,17226
ایضاح,46,18317
ایفاد,121,22136
ایقاع,35,19624
ایقان,175,23493
ایکاش,4,20661
ایلچی,464,20220
ایمان,17072,27259
ایمنی,20605,27259
اینجا,39034,23245
ایوان,15879,26202
ایهام,451,25938
باادب,22,17362
باتری,7694,31120
باتون,238,27230
باحال,63,17691
باحیا,9,21541
باخبر,3815,21639
باختر,6207,25906
باختن,854,24692
باخته,1022,23371
باخدا,4,18940
باخود,205,23056
بادپا,43,18260
بادفر,6,25373
بادیه,644,28095
باذوق,50,19376
باران,13086,25323
باربر,1506,20061
بارقه,160,25409
بارکش,219,23898
بارگی,43,28290
بارور,2184,24177
بارها,30002,24002
باریک,10349,28632
بازار,90357,21667
بازجو,619,20466
بازده,6176,22909
بازرس,3117,24575
بازگو,6639,20744
باسمه,69,25607
باسیل,657,26227
باصره,24,24645
باصفا,200,15763
باطری,157,27554
باطله,584,21169
باعزم,9,21757
باغچه,1221,18428
بافتن,816,24649
بافته,5126,23328
بافهم,2,24234
باقلی,17,24726
باکره,1619,25781
بالار,19,23003
بالان,131,21789
بالشت,35,22852
بالکن,1085,23568
بالنگ,12,23226
بالین,1211,28581
بامزه,340,24305
بامهر,2,29175
بانکی,8256,27418
بانمک,46,25799
باهمت,10,26966
باهنر,1059,29264
باهوش,2882,23700
بتکده,101,17317
بتونی,1033,23990
بتیار,4,31120
بحران,25489,26487
بحیره,32,21926
بخاری,2269,28431
بخردی,15,22176
بداخم,8,24113
بداهت,77,25570
بدایت,125,28421
بدایع,126,25547
بدبخت,289,13175
بدبده,3,11271
بدبین,1471,19384
بدجنس,274,16659
بدحال,114,21468
بدخلق,67,13257
بدخیم,1129,20873
بدذات,115,21897
بدرای,4,30630
بدرقه,831,19154
بدرود,1251,17922
بدشکل,104,14109
بدطعم,7,14597
بدعمل,12,16838
بدعنق,12,15392
بدعهد,3,12664
بدغذا,7,18078
بدفکر,8,17120
بدقدم,5,13910
بدقلق,18,11679
بدقول,3,15795
بدکار,155,25617
بدکنش,13,16429
بدکیش,9,17959
بدمزه,34,18050
بدمست,1,19678
بدمنش,3,19823
بدمهر,38,22920
بدنام,1911,27797
بدنما,19,27797
بدنیت,7,23651
بدویت,90,22505
بدیمن,55,24557
بدیهی,4483,18063
برائت,900,24398
برابر,341970,20061
برادر,63373,23838
براعت,30,25721
برایی,139,26853
برتری,21577,21088
برجیس,185,20888
برچسب,7006,13391
برحسب,4416,14101
برخور,48,15723
بردار,8321,23838
بردگی,4447,22035
بررسی,146297,19729
برزگر,233,13072
برشته,476,20295
برطبق,2260,12137
برطرف,9587,12265
برعکس,7074,16109
برگچه,150,15861
برگشت,20068,17791
برملا,1510,28176
برمنش,8,22522
برنده,56257,23009
برنزه,294,20838
برودت,406,22189
بروفق,1,17087
برهان,5248,29264
برهمن,652,24405
برهنه,4586,19232
برهوت,111,22353
بریات,4,31120
بریان,421,32115
بریدن,3182,25860
بریده,5245,24539
بریزن,3,23689
بزازی,29,21983
بزدلی,182,18670
بزرگی,98495,19864
بساطت,26,21461
بسامد,2474,25443
بساوش,21,22667
بستان,1128,26022
بستری,10990,23996
بستگی,24836,18957
بستوه,33,18785
بسنده,3089,19441
بسودن,23,19616
بسیار,398574,29761
بشارت,1664,26386
بشخصه,243,11773
بشریت,5407,23146
بشقاب,1415,17050
بشکوه,2,15447
بصیرت,879,21731
بضاعت,350,19574
بطالت,192,21495
بطلان,576,22490
بعینه,124,20941
بغاوت,13,22416
بغایت,61,25092
بقالی,173,24726
بقایا,480,21784
بکارت,932,26107
بکمال,19,23479
بلاغت,837,21242
بلاهت,23,24735
بلایا,410,23319
بلدان,31,25566
بلدیه,1375,21005
بلندا,463,25566
بلندی,11215,22326
بلوار,7827,27119
بلهوس,6,17460
بموقع,188,15642
بنادر,5501,29100
بنچاق,1,20708
بندشی,13,21442
بندگی,914,20821
بنزین,5627,17213
بنفسه,2,17199
بنگاه,3797,24225
بنیاد,30258,29416
بنیان,23951,25639
بوادی,3,28270
بوارق,2,25584
بوبین,82,19723
بوتیک,453,20507
بودار,45,27954
بودجه,27357,16546
بوران,548,29439
پوریا,82,30969
بوگان,8,24400
بومهن,82,22045
بهادر,915,27779
بهاره,917,24002
بهانه,7776,22788
بهایم,46,29491
بهایی,3022,24318
بهبود,55974,15387
به‌به,52,9288
بهتان,133,27055
به‌جز,4379,12053
بهدین,6,23325
بهرام,12189,29175
بهروز,2084,19692
بهشتی,5808,20611
بهمان,225,27961
بهیار,86,30794
بهیمی,15,19459
بی‌آب,188,12689
بی‌بر,4,18615
بی‌بی,2137,12139
بی‌جا,127,23330
بیجار,680,28012
بی‌حد,580,17080
بی‌حس,402,16211
بیختن,5,21452
بیخته,2,20131
بیداد,1025,24154
بیدار,6474,30630
بیرون,74906,26199
بیزار,1238,28459
بی‌زن,1,19007
بیسار,58,29761
بیشتر,437327,23146
بی‌شک,867,15976
بیضوی,2153,14790
بیطار,51,27554
بی‌غش,5,14645
بی‌غم,13,17760
بی‌کس,121,16826
بیگار,11,28290
بیلان,268,28581
بیمار,34831,32026
بی‌مو,53,21428
بینات,60,29906
بیوگی,25,15898
پابست,63,21658
پابند,249,23522
پاپوش,384,17104
پاتوق,511,20720
پاتیل,188,24931
پاچین,5,23438
پاداش,7477,16765
پارتی,3666,28465
پارچه,9237,21801
پارسا,1668,20314
پارسی,23926,27106
پارگی,2944,25635
پاساژ,995,13944
پاکار,285,19185
پاکوب,67,20378
پاگون,11,21745
پاگیر,342,25635
پالار,4,20348
پالیز,49,22270
پایان,264062,22984
پاییز,12818,19328
پایین,79345,22984
پچ‌پچ,5,3146
پختگی,533,14972
پدرام,333,26356
پدیده,21386,15408
پذیرا,966,24466
پذیرش,43470,16492
پربها,33,24900
پرپشت,292,13699
پرپیچ,283,14620
پرتاب,33516,25226
پرتره,2313,15582
پرثمر,146,12743
پرچین,419,19882
پرحجم,221,14870
پرحرف,79,10073
پرخاش,393,21042
پرخور,103,13068
پردگی,5,19380
پردیس,6670,20851
پررنج,12,13795
پررنگ,2897,14073
پرزور,21,13096
پرستش,8895,16607
پرستو,340,18665
پرسنل,7153,18486
پرسود,503,18175
پرشور,2802,13548
پرقوت,9,17164
پرکار,1354,19185
پرنده,18971,20354
پرنقش,30,16101
پروار,98,21522
پرواز,56568,23128
پرورش,34846,13548
پروزن,53,18358
پروژه,59787,15537
پروین,2676,23544
پرهیز,8937,19713
پریرو,26,18282
پریشی,762,16224
پزشکی,63891,13133
پزنده,6,15484
پژمان,634,21471
پژواک,502,16931
پژوهش,24482,11119
پستان,4091,23367
پستچی,238,15319
پسروی,274,21190
پلیدی,1038,14409
پنجره,10524,17736
پندار,1876,26445
پنهان,25245,20133
پوسته,8908,16130
پوشاک,5939,18883
پولاد,682,21765
پیاپی,10746,17722
پیاله,306,24605
پیامد,3049,26672
پی‌جو,4,14759
پیروز,27338,19888
پیروی,25588,18282
پیرهن,117,23369
پیشاب,45,23333
پیشتر,16554,20491
پیشرس,30,19132
پیشرو,8180,20340
پیشکش,2344,11527
پیشگو,571,15301
پیشوا,1809,23896
پیشین,53261,15010
پیکار,2942,25977
پیکان,3398,24763
پیکره,3028,19886
پیمان,28982,28157
پیوست,20148,18981
پیوند,42326,20845
تئاتر,30196,20845
تئوری,18925,21721
تابان,461,23114
تابلو,4532,24910
تابوت,3208,21968
تاتار,1002,20775
تاجور,3,26050
تاختن,406,21139
تاراج,2922,21934
تارزن,11,27643
تاریخ,522214,29145
تاریک,9101,29346
تازگی,10977,24134
تازیک,50,24476
تافتن,30,21096
تافته,112,19775
تالاب,6920,20794
تالار,15767,23717
تالان,485,22503
تانکر,1018,27816
تاوان,536,23677
تاثیر,7679,27763
تاخیر,1644,29145
تادیب,15,28421
تادیه,106,28809
تاسیس,6870,23999
تاکید,2681,26647
تالیف,1167,25568
تامین,3622,31526
تانیس,10,29261
تاویل,689,28149
تایید,4744,24868
تبادر,11,28105
تبادل,12668,24571
تبارک,136,26107
تباعد,10,23022
تبانی,1571,29906
تباهی,1265,28585
تباین,253,29906
تبجیل,5,18713
تبختر,14,15874
تبخیر,5099,22666
تبدیل,207959,21331
تبذیر,13,21356
تبرئه,3927,18307
تبریک,4354,22867
تبشیر,85,23146
تبصره,2011,18880
تبعات,1693,19245
تبعیت,7197,16005
تبعید,28890,19782
تبعیض,8535,16334
تبلور,1708,21354
تبلیغ,18997,18002
تبیین,10003,19874
تپاله,14,22080
تتمیم,55,16232
تثبیت,15823,14808
تثلیث,1525,14197
تثنیه,277,20458
تجارب,3596,25487
تجارت,41936,21934
تجاسر,8,24842
تجانس,174,23628
تجاوز,19308,21180
تجاهر,16,25875
تجاهل,62,22341
تجدید,19502,15995
تجربه,46491,19396
تجربی,12125,22247
تجرید,677,22471
تجزیه,33500,17765
تجلید,31,18937
تجلیل,4507,15160
تجنیس,103,20388
تجوید,151,20111
تجویز,10123,17940
تجهیز,5439,17765
تحبیب,19,15776
تحدید,920,16000
تحذیر,22,18967
تحریر,8401,18699
تحریص,41,19342
تحریض,105,19028
تحریف,4893,20234
تحریک,27999,20478
تحریم,17141,23872
تحسین,15467,20393
تحشیه,149,18222
تحصیل,77627,15808
تحقیر,5992,20106
تحکیم,8211,19175
تحلیف,1790,16700
تحلیل,45643,15165
تحمید,75,21173
تحمیق,20,18803
تحمیل,10455,20338
تحویل,28540,19281
تحیات,9,22255
تخاصم,374,21693
تخالف,46,20354
تخدیر,40,22890
تخریب,46635,22666
تخصیص,8534,13280
تخطئه,277,10557
تخفیف,2954,14172
تخلخل,1187,8787
تخلیه,19807,19520
تخمیر,2019,24286
تخمین,30791,23072
تخویف,56,18288
تخیلی,5920,15579
تدارک,7020,26331
تداعی,2635,26261
تدافع,8,21004
تداول,402,25134
تداوم,9165,27365
تداوی,476,28984
تدبیر,3962,24865
تدخین,192,21676
تدفین,2537,21633
تدقیق,229,16243
تدلیس,85,20686
تدمیر,4,26485
تدویر,265,25428
تدوین,28461,24214
تدهین,110,24039
تذکار,40,22822
تذکره,1364,16731
تذکیر,89,19582
تذهیب,951,18821
تراجم,317,27107
تراخم,56,27526
تراخی,2,29145
ترادف,91,26087
ترازو,598,26497
تراشه,5974,26774
تراضی,45,27896
تراکم,11500,27727
ترانه,44289,29978
تراوش,694,26949
تربیت,26358,21088
ترتیب,128782,21088
ترتیل,33,20477
ترجمه,72427,21016
ترجیح,19179,19858
ترجیع,240,20087
ترحیم,771,23872
ترخیص,737,19756
ترخیم,1,24286
تردست,78,17428
تردید,13329,21312
ترسان,165,28945
ترسیم,12801,25616
ترصیع,120,19571
ترعیب,6,22481
ترغیب,8261,21536
ترفند,942,21317
ترفیع,2285,20463
ترفیه,14,23011
ترقوه,257,20207
ترقیم,2,24115
ترکیب,78840,22867
ترمیم,9287,22708
ترویج,17562,22810
ترهات,19,24716
تریاق,9,28974
تریاک,3376,29346
تزاحم,59,22242
تزاید,100,26474
تزریق,14676,20548
تزکیه,522,18385
تزلزل,1075,8815
تزویج,368,17940
تزویر,391,23257
تزیین,6392,17927
تسامح,957,23544
تساوی,11501,28115
تساهل,614,24090
تسبیب,50,17520
تسبیح,584,18684
تسجیل,164,18068
تسخیر,22453,22021
تسریع,4370,21836
تسطیح,508,15832
تسعیر,88,21836
تسکین,2748,21008
تسلسل,641,10117
تسلیت,4272,16909
تسلیح,1251,18073
تسلیم,31351,22082
تسمیه,2576,23081
تسوید,31,21860
تسویه,1212,22024
تسهیل,9510,20850
تسهیم,603,23081
تشابه,2827,23851
تشبیه,5399,20611
تشجیع,282,15669
تشخیص,71014,15338
تشدید,13036,16894
تشریح,11574,20757
تشریف,304,21128
تشریک,259,21372
تشعشع,1509,7718
تشکیک,665,14896
تشکیل,313221,17838
تشنگی,1190,19816
تشنیع,16,19772
تشویر,22,23709
تشویش,1154,17233
تشویق,25751,18640
تشیید,12,16894
تشییع,7071,14510
تصاحب,10486,19659
تصادف,7312,20254
تصادم,731,23892
تصاعد,199,20112
تصحیح,11129,12866
تصحیف,307,14401
تصدیع,15,16872
تصدیق,5358,16886
تصریح,8093,19342
تصریف,196,19713
تصعید,213,16872
تصغیر,191,18626
تصفیه,7104,17178
تصمیم,104361,16875
تصنعی,325,18357
تصنیف,7375,18499
تصوری,1264,22294
تصویب,198543,19371
تصویر,77571,22294
تضاعف,24,17556
تضامن,47,25063
تضریب,2,21417
تضعیف,13012,14316
تضلیل,20,14330
تضمین,16454,21823
تضییع,312,12781
تضییق,37,12795
تطابق,4975,19960
تطاول,81,22058
تطبیق,9075,16720
تطمیع,1233,18326
تطویل,67,18818
تطهیر,1720,22177
تظاهر,4067,24891
تعادل,15846,22411
تعارض,3946,22497
تعارف,570,23703
تعاطی,27,23185
تعاقب,200,20652
تعالی,2974,25426
تعامل,14265,23807
تعاون,1445,25070
تعبیر,13213,22481
تعبیه,8501,19946
تعجیل,337,16553
تعداد,230552,19469
تعدیل,5487,19171
تعذیب,36,16273
تعذیر,3,19196
تعرفه,1562,17612
تعریض,518,19257
تعریف,104425,20463
تعریق,713,20335
تعزیت,73,14058
تعزیر,508,20534
تعزیه,2705,17999
تعطیل,18490,16095
تعظیم,1036,17800
تعقیب,19488,17412
تعقید,37,17636
تعلیف,82,16929
تعلیق,9263,16801
تعلیل,105,15394
تعلیم,12403,20567
تعمیر,12633,24101
تعمیم,6829,17625
تعویذ,141,16836
تعویض,9335,16897
تعویق,7225,17975
تعویل,16,19510
تعییر,143,18928
تعیین,105544,17714
تغابن,5,23562
تغافل,15,19224
تغایر,56,28015
تغذیه,23642,15716
تغسیل,123,17357
تغلیظ,461,14624
تغییر,252146,17983
تفاخر,327,23888
تفاضل,2496,19105
تفاله,250,22717
تفاوت,55142,19950
تفاهم,3459,24948
تفتیش,2263,14652
تفتین,6,17856
تفخیم,19,19345
تفرعن,25,18933
تفرقه,2174,17626
تفریح,3350,20234
تفریط,297,19771
تفریق,858,20477
تفسیر,39395,21978
تفسیق,53,16909
تفصیل,3075,16179
تفضیح,6,14087
تفضیل,531,15865
تفکیک,15376,14373
تفویض,1888,17039
تفهیم,1016,21708
تقابل,5882,22201
تقارب,50,25735
تقارن,4738,27444
تقاضا,9409,16035
تقاطع,8872,17800
تقاعد,18,20876
تقبیح,1793,17183
تقبیل,36,18961
تقدیر,10309,22719
تقدیم,11855,21416
تقریر,960,18942
تقریظ,131,19117
تقسیط,46,16075
تقسیم,116392,20547
تقصیر,1257,19585
تقطیر,1902,19643
تقطیع,393,14560
تقلبی,2155,18961
تقلید,18810,19185
تقلیل,4111,15408
تقنین,32,17728
تقویت,36070,16582
تقویم,12064,21755
تقیید,50,16243
تکاپو,579,21092
تکاثر,61,22750
تکاثف,3,17809
تکافو,1,21729
تکاور,559,26670
تکاهل,7,22961
تکایا,281,22870
تکبیر,347,22867
تک‌تک,974,7840
تکثیر,11398,19510
تکذیب,9723,16659
تکرار,34793,22554
تکریر,40,19314
تکریم,1735,24487
تکفین,131,19635
تکلمه,39,18102
تکلیف,4751,17315
تکمیل,33616,20953
تکنیک,14712,18100
تکوین,2339,22216
تکیده,92,20556
تلائم,9,22484
تلازم,51,24020
تلاشی,7088,26091
تلاطم,691,23115
تلافی,3008,25568
تلاقی,3414,25440
تلالو,36,21357
تلاوت,1441,21357
تلبیس,57,20462
تلخیص,821,16222
تلطیف,281,16237
تلفات,18146,18776
تلفیق,6673,16943
تلقیح,688,16572
تلقین,1096,20670
تلمبه,781,19876
تلمیح,118,20338
تلمیذ,33,19442
تمارض,84,26277
تماشا,5507,21530
تمایز,13813,27870
تمایل,28760,29206
تمثال,434,22610
تمثیل,1353,19370
تمجید,4567,21168
تمدید,8086,20009
تمرکز,35744,19301
تمرین,14302,27970
تمساح,543,23544
تمسخر,3543,20402
تمشیت,94,18290
تمکین,1143,23273
تمهید,322,23950
تمیزی,346,17838
تمییز,849,17838
تنازع,221,22560
تناسب,6393,26022
تناسخ,943,24047
تناسل,131,25411
تناظر,784,26212
تنافر,44,27572
تناقض,5580,21297
تناوب,3267,27230
تناور,54,30153
تناول,221,26619
تنبان,83,23114
تنبلی,720,22816
تنبیه,4572,23815
تندپا,13,24236
تندخو,235,19000
تندرو,3724,23898
تندیس,8363,23006
تنزیل,706,20869
تنزیه,211,21868
تنسیق,26,20636
تنظیف,168,18031
تنظیم,52111,21669
تنقیح,238,18892
تنقید,8,21505
تنقیه,101,21669
تنگاب,82,24551
تنگنا,641,20998
تنوره,98,24062
تنویر,157,26913
تنیدن,162,20098
تنیده,1144,24039
توابع,154012,23361
تواتر,386,24891
تواجد,9,23351
توارث,509,25087
تواری,6,31683
توازن,4281,25283
توازی,226,26813
تواضع,315,20137
توافق,36299,21357
توالت,1103,21357
توالد,66,25134
توالی,9289,28149
توانا,3841,23677
توبره,145,22353
توبیخ,636,20306
توتیا,59,25207
توجیه,14648,20275
توچال,410,21811
توحید,3600,20116
تودار,44,28668
تودیع,625,20345
توزیع,49729,18174
توزین,188,22043
توسعه,144387,16625
توسیع,225,19476
توشیح,258,18397
توصیف,84049,17353
توصیه,28797,19759
توضیح,46856,16668
توطئه,10702,13095
توفان,1891,25212
توفیر,23,23186
توفیق,3278,18117
توقیر,10,23058
توقیع,175,17975
توقیف,12563,18117
تولیت,5035,18117
تولید,325049,21894
تومان,25257,28850
تومور,3627,20032
تونیک,312,22216
توهین,8631,24378
تهاتر,114,24716
تهاجم,13487,24572
تهافت,66,19775
تهاون,9,27618
تهدید,39117,18777
تهذیب,944,18821
تهلیل,32,17942
تهمتن,113,18643
تهنیت,302,20262
تهییج,1054,16159
تیراژ,2603,27673
تیررس,277,20443
تیرکش,81,21372
تیرگی,2200,18972
تیزاب,118,26250
تیزتک,41,14444
تیزرو,104,23257
تیفوس,250,19618
تیماج,44,27423
تیمار,448,32740
تیمچه,397,20627
ثانیه,28293,26223
ثلاثه,341,17111
جادار,56,21444
جاذبه,5514,18953
جارچی,220,24913
جاسوس,2757,18215
جاکشی,9,21820
جالیز,101,22531
جامعه,107741,21698
جانان,179,16453
جانور,10081,27045
جاوید,1574,25876
جایزه,83110,23530
جبراً,49,21293
جبران,13356,26482
جبروت,53,19571
جدایی,32394,21760
جراحت,2110,23098
جراید,1466,28236
جربزه,10,16735
جریان,158603,29721
جریحه,115,19532
جریده,230,22145
جریمه,5358,23541
جزیره,62946,19974
جسارت,1550,24842
جسامت,15,23539
جستار,587,24842
جستجو,20538,12450
جلالت,66,18400
جلباب,6,17686
جماعت,8243,22024
جمعاً,4755,17830
جمعیت,522140,18784
جملگی,577,17503
جمهور,12024,20865
جنازه,6589,22000
جنایت,7100,27512
جنجال,3231,19395
جنگجو,2160,11974
جوارح,104,22947
جوانب,1746,24122
جوانی,25027,27361
جواهر,3029,25724
جولان,1014,23511
جولاه,18,22190
جوهره,286,15692
جویدن,1010,21106
جهانی,154772,27186
جهیدن,80,20931
جیحون,1580,18493
جیران,806,29721
چابکی,1145,22610
چاپار,153,17860
چاپچی,10,18176
چاپگر,1152,19297
چاچول,2,17544
چاخان,49,17326
چادری,857,27531
چارپا,79,17860
چارتر,329,21229
چارسو,58,23986
چارقد,216,22146
چاروا,2,21078
چاشنی,1179,24598
چاکری,48,25533
چالاک,382,15207
چاووش,480,16660
چپاول,1577,18442
چخماق,201,18644
چرایی,2000,23754
چرتکه,432,16917
چرخاب,173,22093
چرخان,1234,23802
چرخشی,4128,17358
چرکین,119,20763
چرمین,51,24157
چرنده,11,19910
چریدن,164,22761
چریکی,4677,15501
چشایی,534,19336
چشیدن,175,18343
چغاله,14,17817
چغانه,3,20137
چکامه,193,21379
چکاوک,141,16381
چکیدن,82,18064
چکیده,983,16743
چگالی,10956,21657
چگونه,26665,15210
چلتوک,1,13558
چلچله,112,7337
چلنگر,14,16571
چلیپا,660,21118
چمانه,10,24862
چمانی,16,27713
چمدان,991,24698
چمیدن,1,21458
چنبره,217,19686
چندان,24821,19525
چندین,145447,16285
چنگار,19,23661
چنگال,1934,20127
چوبین,1020,20177
چوپان,1690,20762
چوگان,1113,21301
چهچهه,46,4395
چیرگی,4773,15159
چیستی,865,14421
چیلان,6,25482
حاجات,156,16622
حادثه,34335,19110
حاشیه,19402,23987
حاصله,2983,18722
حاضری,248,24793
حافظه,35569,16847
حالات,8234,18405
حالیا,138,20930
حالیه,131,24871
حامله,1332,23252
حباله,77,21632
حبسیه,11,18358
حتمیت,47,17396
حجابت,63,20175
حجاری,1910,25623
حجامت,814,21795
حجرات,222,23098
حداثت,1,19436
حدادی,200,21765
حداقل,59148,19322
حدایق,30,23172
حدیده,134,15674
حدیقه,264,17081
حذاقت,42,17138
حرارت,21538,21939
حراست,2283,24847
حرامی,56,29637
حرکات,20008,23718
حرمان,86,28107
حرمله,6,19696
حروفی,972,20083
حریری,614,14432
حسابی,2926,24449
حسادت,3414,22148
حسنات,61,23633
حصانت,2,21368
حصولی,24,15657
حضانت,986,21054
حفاری,7160,25999
حفاظت,36409,17173
حقارت,699,23346
حقانی,484,24657
حقایق,5792,19395
حق‌جو,10,9640
حقیقت,42199,13630
حقیقی,16167,9363
حکاکی,2682,19767
حکایت,9999,24034
حکمیت,2765,19175
حکومت,222388,16499
حلاجی,174,22089
حلاوت,63,22521
حلزون,821,15090
حلقوم,120,14802
حلولی,16,15014
حلیله,4,14839
حماسه,2950,23218
حماسی,6681,26069
حماقت,678,22043
حمالی,16,26103
حمامه,28,20310
حمامی,448,23161
حمایت,139036,27428
حمایل,334,26103
حمدان,254,25408
حمیده,865,20847
حنانه,118,20399
حنجره,795,18002
حوادث,21661,19285
حواری,1063,28580
حواشی,3396,24162
حواله,617,22195
حوالی,27216,25046
حوروش,8,13814
حوزوی,4578,13678
حوصله,677,12806
حوضچه,1571,10004
حیاتی,11184,22255
حیثیت,1542,12419
حیران,976,29726
حیوان,10344,27366
خاتمه,14605,24991
خاتون,5805,25255
خاخام,763,16783
خادمه,26,24501
خارجه,39977,23186
خارجی,97464,26037
خاستن,52,24047
خاشاک,335,15447
خاصره,469,22670
خاصگی,102,20482
خاصیت,15241,23312
خاطره,3525,22728
خاموش,10708,22957
خانگی,25318,25101
خاوند,41,24765
خباثت,89,19626
خبازی,11,23561
خبرکش,1,15444
خبرگی,176,19836
ختلان,170,24081
خجالت,820,19978
خجسته,340,13853
خدایی,7115,22179
خدمات,69795,24827
خدیعت,11,17807
خدیور,8,22739
خذلان,27,20082
خرابه,823,25580
خرابی,4854,28431
خراطی,179,25579
خرافه,626,23562
خرافی,581,26413
خرامش,16,25317
خرپول,49,16010
خرجین,5,21267
خرچنگ,1092,15207
خرخره,53,11995
خردلی,22,21565
خرسند,776,20001
خرطوم,289,18044
خرفتی,4,20648
خرکچی,3,17079
خرگاه,90,23464
خرگوش,1842,15665
خرناس,29,26256
خروار,287,22202
خروجی,28670,20121
خریدن,1312,23885
خریطه,10,19488
خریفی,14,16381
خزانه,6500,22419
خزاین,542,25270
خزیدن,240,19015
خزینه,706,19179
خسارت,10070,25261
خستگی,5519,16982
خسران,100,26256
خشخاش,691,13668
خش‌خش,13,5430
خشنود,1799,16791
خشونت,27220,17281
خصایل,154,21987
خصوصی,45406,13129
خصومت,2916,15777
خطابه,1129,19805
خطایا,15,19103
خفایا,2,19937
خفقان,705,19814
خلاصه,15535,19136
خلاصی,685,21987
خلاعت,12,20212
خلافت,31702,20354
خلایق,225,22751
خلبان,13770,23367
خلجان,26,20973
خلوتی,218,19695
خلیدن,6,20351
خلیفه,32852,16788
خماری,131,30051
خموشی,70,19717
خمیده,2085,21261
خمیره,178,23960
خندان,822,20649
خنزیر,5,21714
خواجه,14222,20826
خوارق,88,23609
خواری,1341,28994
خوازه,3,21273
خواست,44000,22901
خوانا,719,20988
خوانش,1642,23046
خواهر,28075,26143
خواهش,1824,21725
خودرو,48508,15947
خودسر,436,18855
خوراک,7820,23981
خوردن,19348,21209
خورند,199,21209
خوشاب,194,21337
خوناب,14,24541
خونین,5126,17748
خویشی,282,14544
خیاطی,1020,19103
خیالی,8304,21344
خیانت,12137,27931
خیرگی,105,16283
خیزاب,11,23561
خیشوم,2,19717
داخلی,101943,25121
دادار,77,20285
داداش,202,15867
دادرس,387,23193
دادگر,321,21722
دادور,175,24401
داعیه,515,25935
داغان,54,19519
دالان,2296,22013
دامان,1146,24244
دامنه,25500,28185
داوری,11035,31193
داهیه,8,24542
دایره,13737,31018
دبدبه,22,11271
دبیری,2818,20598
دخالت,25709,22596
دختری,14452,22890
درآمد,61677,15976
درازا,4787,21891
درازی,1921,28683
دراست,43,27460
درایت,856,31344
درباب,950,23838
دربار,45354,23838
دربان,317,29100
دربدر,23,13806
دربند,3742,19068
درجات,6331,25711
درخشش,4843,13889
درخفا,17,23398
درخور,2155,15947
دردسر,2142,13161
درستی,18311,24220
درشتی,491,23370
درشکه,468,18031
درضمن,312,21017
درگاه,7848,25663
درگرو,10,15806
درگیر,37935,18482
درمان,76632,30720
درنده,588,19456
درونی,19704,26423
درویش,3992,23219
دریچه,4038,21440
دریدن,168,22307
دریده,134,20986
دریغا,117,27525
دزدکی,128,13954
دژبان,298,22730
دژخیم,68,17426
دستار,325,27460
دستان,5258,26246
دستخط,827,13231
دسترس,39813,17428
دستور,118193,21544
دسیسه,1223,17418
دشمنی,10630,23062
دشنام,1158,26302
دشوار,20695,26459
دغدغه,2005,8166
دفینه,98,21307
دقیقه,51401,15917
دکتری,13345,23091
دلالت,6122,21018
دلاور,1945,27343
دلایل,41424,23543
دلبری,147,23540
دلتنگ,348,17685
دلچسب,313,13634
دلخور,183,18889
دلدار,222,23227
دلربا,196,26780
دلزده,190,12266
دلسرد,1080,16103
دلسوز,614,15349
دلشاد,168,18809
دلگرم,312,19805
دلگشا,244,20246
دلگیر,332,21424
دلهره,835,17136
دلیری,524,19987
دمادم,10,18982
دمبدم,33,12503
دمخور,42,21120
دمساز,63,23496
دمیدن,688,21004
دنبال,109244,25566
دندان,8477,19071
دنیوی,2582,19947
دوبین,25,23500
دودکش,831,11730
دودلی,294,17627
دوران,257948,29663
دورگه,1226,19747
دورنگ,107,21068
دوستی,17182,21860
دوسیه,26,21534
دوشین,36,22005
دوقلو,1873,12242
دویدن,2067,19947
دهانه,11883,23012
دهخدا,3558,19328
دهقان,1821,24419
دهکده,6043,9497
دهلیز,1622,19058
دیانت,2429,30130
دیپلم,6561,19582
دیدار,54858,27077
دیرپا,254,27975
دیرین,2489,22307
دیکته,797,20556
دیلاق,29,24950
دینار,3575,32339
دینام,149,31036
دیوار,31228,31193
دیوان,28779,29979
دیهیم,579,19683
ذائقه,487,15718
ذاتاً,2438,14640
ذایقه,17,22440
ذخیره,41055,19055
ذرایع,33,24961
ذکاوت,902,20462
ذی‌حق,30,11425
رابطه,95705,24703
راپرت,26,21673
راحتی,24458,28731
راستا,7200,23683
راسته,4542,27624
راستی,4880,30475
راقیه,25,28648
راندن,4508,25547
رانده,7914,29488
راهبر,427,24002
راهرو,2198,24565
راهزن,307,27317
رایحه,396,28405
رایزن,922,30168
رباعی,2536,28246
ربانی,1584,32115
ربایش,508,28911
ربودن,2214,23184
رجحان,365,24093
رختشو,1,18495
رخداد,7428,21863
رخسار,93,20994
رخشان,200,25406
ردائت,1,24622
ردشدن,765,17573
رذالت,19,23985
رذیلت,54,20745
رسالت,4566,26625
رساله,12741,26299
رسانا,2427,24678
رسایی,453,26208
رستنی,46,25705
رسماً,28000,24662
رسیدن,73031,25215
رسیده,126051,23894
رشادت,884,26610
رشکین,24,22367
رضایت,15794,27896
رضوان,785,26215
رطوبت,8916,19113
رعایت,21344,28960
رفاقت,449,23717
رفتار,59450,22310
رفتگر,122,13715
رفتنی,141,24332
رفوزه,10,17674
رفیقه,66,20151
رقابت,50974,25735
رقاصی,122,25350
رک‌گو,9,15602
رمالی,5,31415
رمنده,6,24629
رمیدن,26,27480
رمیده,139,26159
رنجبر,391,16450
رنجور,351,17013
رنگرز,134,14781
رنگین,3771,19967
روانه,10756,29827
روانی,21424,32678
روایت,55752,31683
روایی,4296,27416
روبان,574,29439
روبرو,35823,14145
روبند,75,23184
روزنه,1272,21401
روسپی,813,21190
روستا,245001,27799
روسری,1637,20292
روشنی,8450,24704
رونده,1126,23572
رهایش,625,29299
رهایی,10861,27241
رهبری,95115,20762
رهگذر,1229,12122
رهنما,569,30884
رهیدن,11,26248
رهینه,2,22471
ریاست,147608,30475
ریاضت,1255,27896
زاپاس,212,15444
زانیه,2,27633
زاویه,14739,26487
زباله,3361,22074
زبانه,2153,24394
زبانی,24930,27245
زبرین,435,23689
زبونی,46,21329
زدایش,209,24265
زدودن,1726,14761
زدوده,852,13440
زربفت,216,17437
زراعت,4429,23774
زرداب,12,25444
زردشت,1057,18184
زرنگی,186,21573
زعامت,807,22471
زلزله,45678,8489
زمانه,3206,26014
زمختی,122,19416
زمزمه,1138,10720
زمینه,118305,22774
زمینی,35465,18833
زنبیل,195,20155
زنجیر,4842,21295
زندان,62663,20677
زندقه,166,15993
زندگی,290810,18874
زندیق,234,18844
زنگار,59,24813
زننده,1476,14586
زنهار,70,27317
زوبین,209,21329
زودرس,2729,18883
زورکی,18,20769
زورگو,183,13635
زهدان,164,24618
زهراب,9,25608
زهوار,21,26171
زیادت,191,26474
زیادی,240228,22207
زیارت,12279,29173
زیرکی,1211,16653
زیرین,7301,20136
ژرفنا,2,23411
ژنتیک,4827,18206
ژنرال,20706,24818
سئانس,4,18272
ساباط,161,17194
سابقه,29032,21841
ساچمه,707,22508
ساحره,269,24521
ساحری,43,27372
ساختن,34523,24047
ساخته,307217,22726
ساخلو,48,21576
سادات,9077,20984
سادگی,15036,24946
ساروق,103,24939
ساززن,2,19808
سازور,8,25138
ساطور,119,24233
ساغری,80,26656
سالار,3722,22358
سالکی,64,24453
سالوس,161,19998
سامان,8052,23375
سامعه,19,23447
سانحه,5025,23307
ساویز,14,25454
سبابه,167,20434
سباعی,9,24678
سبحات,3,21924
سبحان,535,22919
سبعیت,129,18913
سبیلو,17,20311
سپاهی,9012,24571
سپردن,2840,19321
سپرده,29698,18000
سپهبد,3204,15077
سپیده,1646,18316
سپیدی,202,14375
ستاره,28801,27624
ستایش,15687,26057
ستبرا,41,27236
ستبری,45,23996
ستردن,20,22690
سترده,35,21369
سترون,345,23029
ستمگر,762,20261
ستوان,2492,26585
ستودن,303,20330
ستوده,2196,19009
ستیزه,624,19514
سجاده,158,21817
سجایا,14,20891
سخافت,3,20320
سخاوت,651,22901
سخریه,36,21695
سخنور,587,20340
سدانت,24,26246
سدشکن,4,15784
سرآمد,2405,18884
سراپا,272,20314
سراچه,6,23811
سرادق,2,24600
سراسر,81325,19416
سرایت,2539,30475
سرایر,3,26208
سرایش,2430,28266
سرایه,8,30149
سربار,1505,22969
سرباز,24121,24575
سرپوش,1252,16456
سرتیپ,4330,21341
سرجمع,273,17109
سرحال,210,23522
سرخاب,490,24547
سرخود,178,18855
سرخوش,385,17136
سرخیل,29,20696
سرداب,1197,26746
سردار,16033,23193
سردرد,1890,13161
سرزده,271,18708
سرزنش,5005,18310
سرسام,202,24589
سرسبد,94,16714
سرسبز,4884,14543
سرسخت,4707,15229
سرسرا,128,19416
سرسری,155,16176
سرشار,6475,21474
سرشته,169,19650
سرشیر,101,18234
سرطان,18510,25379
سرفصل,440,14504
سرکشی,1953,20013
سرکوب,41219,18832
سرگرد,2334,14598
سرگرم,4268,15994
سرگیس,15,17613
سرگین,224,22875
سرمدی,281,25126
سرمست,317,18824
سرمشق,941,18022
سرنام,289,29851
سروال,4,26474
سروان,2160,28794
سروپا,5,24430
سرودن,4991,22539
سروری,1558,20292
سروقت,50,19174
سروقد,9,18684
سرویس,28253,20292
سریال,65197,29150
سریان,57,31470
سریدن,12,25215
سریرت,8,20443
سعادت,4500,22377
سعایت,373,25392
سفارت,23400,25218
سفارش,15375,23009
سفاهت,28,22683
سفاین,43,26529
سفسطه,134,9085
سفلیس,248,14177
سفیده,204,18953
سفینه,2908,20438
سقایت,168,25406
سقایه,3,25080
سقیفه,359,16583
سکرتر,96,15430
سکسکه,118,8628
سکنات,41,24248
سکونت,28012,18332
سکینه,1583,20682
سگالش,26,19377
سلاخی,406,24252
سلاست,57,20149
سلاسل,83,15882
سلاله,351,19823
سلامت,21932,25322
سلایق,499,24081
سلسال,4,15882
سلسله,34657,9791
سلطان,54547,21845
سلطنت,55531,16080
سلندر,28,21365
سلیطه,14,17284
سلیقه,2726,17990
سلیله,14,16583
سماجت,329,23539
سماحت,13,23544
سماعی,191,26298
سمانه,214,27316
سماوی,1167,29021
سمپات,49,23278
سمسار,56,24589
سنبله,695,18606
سنجاق,873,20768
سنخیت,422,20807
سندیت,364,23006
سنسور,3106,18762
سنکوپ,114,14963
سنگین,30141,16399
سنوات,557,26585
سوئیچ,2158,14340
سوابق,7114,22016
سواحل,21281,21162
سواری,5137,30324
سوانح,1547,23482
سوختن,3513,18131
سوخته,4724,16810
سودجو,425,11960
سوراخ,11558,25110
سورچی,59,20746
سورنا,846,28794
سوزان,3299,23924
سوسول,13,9966
سوغات,965,21771
سوگلی,312,18195
سوگند,8223,17500
سویدا,15,27625
سهمیه,4907,18814
سهولت,5465,18174
سه‌یک,18,17214
سیئات,18,24069
سیاحت,816,25163
سیادت,705,27776
سیاره,13766,30149
سیاست,67808,23999
سیاسی,212012,19732
سیاهه,444,23673
سیاهی,2034,23673
سیراب,1078,29761
سیرنگ,4,22875
سیستم,171138,19140
سیطره,2679,20818
سیلاب,1718,26227
سیلان,890,27936
سیماب,13,28458
سیمان,6152,30167
سیمرغ,2789,21797
سیمین,2596,20135
سینما,35359,30167
سیویل,86,16758
شاپور,15769,23580
شاخصه,452,18252
شاداب,371,19420
شادان,107,21129
شاگرد,11095,23780
شانسی,1424,27052
شاهرگ,122,23944
شاهین,8903,28085
شایان,4665,24144
شایبه,43,26376
شایست,67,26057
شایعه,3987,24216
شبانه,10892,24846
شباهت,22131,23851
شبکور,162,17982
شبگرد,151,17301
شبگیر,12,20316
شترنگ,52,19500
شجاعت,5300,18909
شخصیت,74625,15338
شرارت,626,22833
شراره,230,22507
شرافت,1381,24368
شراکت,1415,24612
شرایط,117828,26059
شریان,2602,30620
شریعت,5586,20986
شریکی,308,17105
شستشو,1977,13349
شطرنج,6955,15656
شعایر,185,26751
شعبده,626,14722
شعشعه,3,7392
شفاعت,1634,19285
شفاهی,5844,24358
شقاوت,288,21880
شقایق,566,20289
شقیقه,91,14198
شکایت,17882,24928
شکراب,69,23898
شکرین,4,22367
شکستن,12744,16274
شکسته,15056,14953
شکفته,256,13580
شکنجه,16702,14199
شکوفه,989,13429
شکیبا,217,24214
شگفتا,146,19329
شگفتی,3292,16089
شلخته,85,14786
شلوار,3145,25624
شلوغی,1053,16356
شلیطه,24,16434
شماتت,468,21530
شمارش,10362,23739
شماره,55216,27680
شمایل,1939,26997
شمردن,1261,22746
شمرده,12433,21425
شمشاد,288,21040
شمشیر,10452,20499
شمیمه,12,17964
شناخت,26385,23197
شناسا,123,20260
شناعت,4,23012
شناور,8168,27944
شنگول,41,15815
شنیدن,11823,17889
شواهد,25982,23924
شوربا,44,26235
شورشی,8930,19442
شهادت,8816,24075
شهامت,893,25471
شهروا,2,26623
شهریه,1445,19267
شهوتی,116,21174
شیادی,225,22659
شیپور,1048,20340
شیردل,238,22045
شیرده,520,23044
شیرین,15285,20588
شیطان,6431,24845
شیطنت,327,19080
شیفته,2097,18593
صابری,687,27496
صاعقه,787,17416
صباحت,6,19659
صباوت,42,22611
صبحدم,54,14310
صبوحی,41,16268
صبوری,471,21580
صحابه,3291,19333
صحیفه,492,14075
صدارت,4210,25195
صداقت,2776,20126
صراحت,5996,22582
صراحی,37,25107
صرافت,146,22953
صرفاً,22181,18759
صعوبت,85,13972
صلابت,443,21437
صلابه,80,21111
صلحجو,16,10024
صلوات,879,22000
صمدیت,34,20652
صمیمی,4471,12608
صناعت,540,21597
صندوق,13527,15205
صنوبر,342,20050
صومعه,3538,15266
صیانت,1706,26996
صیرفی,79,15446
صیقلی,767,11784
ضابطه,588,18556
ضخامت,12481,21379
ضربان,3500,25652
ضرغام,92,22458
ضرورت,10605,15188
ضروری,22507,17713
ضلالت,217,17570
ضمانت,2983,25063
ضمایم,548,22326
ضمناً,4361,20869
ضمیمه,9196,16235
ضیافت,1104,22955
طارمی,219,29174
طاعات,90,16393
طاغوت,182,19564
طاقچه,525,16535
طامات,2,20173
طاهره,5740,21150
طایفه,17388,23001
طبابت,1744,18553
طباخی,70,22656
طبایع,247,22471
طبقات,13082,19960
طبیعت,33432,16706
طبیعی,102332,12439
طراحی,161870,25165
طراده,3,24927
طراری,7,24001
طرازی,6,25607
طراوت,715,25592
طرفیت,51,19771
طرفین,14914,20766
طرلان,48,25413
طریفه,14,19445
طریقت,4169,19643
طریقه,1901,19317
طغیان,5701,23235
طفیلی,15,11970
طلاقت,4,19349
طلایع,3,21860
طلایه,342,24408
طلایی,17211,20467
طلیعه,301,15769
طماعی,13,24091
طنازی,181,24393
طنبور,1,20108
طنطنه,5,9904
طوافی,31,23176
طوایف,10538,23176
طوعاً,8,16315
طوفان,6604,21646
طومار,1506,26498
طویله,295,18492
طهارت,1179,25417
طیاره,80,27942
طیران,19,29263
ظاهری,33367,27416
ظرافت,2330,22485
ظرفیت,37366,19245
ظلمات,204,22589
ظواهر,732,24740
عائله,46,18378
عارضه,4943,22171
عاریه,230,28634
عاطفه,955,17602
عافیت,77,24019
عاقبت,5159,20652
عایدی,763,21994
عبادت,6361,23022
عبارت,89757,25721
عتیقه,1082,17800
عجوزه,75,12215
عدالت,15568,22411
عداوت,390,23585
عدلیه,3073,18845
عدیده,500,15903
عذوبت,16,13597
عربده,126,19140
عرفان,10119,24698
عروسک,3008,16672
عروسی,7730,21685
عریان,1697,29955
عریضه,322,18931
عزایم,3,24996
عزیمت,5912,19231
عشیره,679,20660
عصابه,7,19562
عصاره,2107,22485
عصبیت,144,16648
عصفور,91,14163
عصیان,930,24122
عطاری,155,25394
عطارد,1527,22379
عطشان,22,19446
عطوفت,239,12012
عفریت,117,20463
عفونت,13302,16573
عفیفه,92,13661
عقوبت,223,14736
عقیده,29621,17310
علاقه,39678,19715
علامت,20089,23807
علامه,6598,23481
علاوه,133113,22424
علایق,2907,22566
علناً,2390,19702
علوفه,1208,13927
عمارت,14563,27341
عماره,183,27015
عماری,32,29866
عمامه,828,20539
عمداً,2159,20448
عمران,6021,28336
عملاً,20872,19613
عملگی,7,17737
عمومی,128339,17474
عنایت,2869,27746
عنفاً,14,18295
عنوان,1089516,20803
عوارض,19200,22346
عوالم,409,23656
عواید,1566,26110
عیادت,853,26261
عیاری,168,24693
عیاشی,587,20275
عیسوی,356,15209
عیناً,1672,23552
غائله,952,17433
غاشیه,13,23271
غالیه,18,24155
غایله,57,24155
غرامت,3941,26396
غربال,601,23451
غربتی,158,21536
غرقاب,105,21916
غرنده,6,19904
غریبه,1973,21210
غریزه,604,19263
غریزی,756,15322
غضبان,64,19624
غضنفر,205,14050
غفران,67,23753
غلامی,727,25387
غلغله,30,7331
غلمان,46,23857
غلیان,315,25476
غمبار,57,25682
غمزده,24,14945
غمکده,24,15118
غمگین,1613,19112
غمناک,257,22694
غنودن,1,13603
غنوده,4,17544
غنیمت,3600,21942
غواصی,1896,22031
غیابی,1110,20825
غیراز,121,25354
غیرتی,51,17983
فاتحه,471,20939
فاجعه,7105,18060
فاحشه,653,18730
فاخته,191,21353
فارسی,140422,27743
فاصله,77042,19093
فالیز,17,22907
فامیل,2693,26474
فانوس,1447,23853
فایده,2414,26077
فتراک,8,24089
فدایی,1921,22136
فراخی,83,26413
فراری,6146,24835
فراست,621,25218
فراغت,2520,22758
فراهم,90705,27157
فربهی,20,22297
فرتوت,152,16394
فرجاد,36,22979
فرجام,1781,24375
فردار,3,21820
فردوس,1549,18812
فرزند,97910,18656
فرسنگ,854,17618
فرشته,4844,18277
فرضاً,285,18445
فرضیه,11413,19073
فرمان,58921,28478
فرمند,39,22223
فرمول,16481,20242
فرنود,80,21166
فروتن,536,21656
فروزش,82,15791
فروکش,1966,15964
فرهنگ,95279,18651
فریاد,7865,28612
فریبا,428,28388
فریضه,483,19073
فریور,127,18919
فزونی,3214,19311
فسیله,8,18118
فشرده,13750,17787
فصاحت,1010,17641
فضاحت,108,17327
فضیحت,9,14087
فضیلت,3518,15865
فطانت,82,21797
فعلاً,3225,15975
فقاهت,417,21182
فقدان,8520,22013
فکاهی,561,24079
فلاحت,617,19940
فلاخن,68,21349
فلاکت,470,20555
فلانی,381,26563
فلسفه,40418,11326
فواید,3125,26252
فوراً,4878,22232
فوران,4812,27421
فولاد,19431,22402
فهرست,146310,19127
فیروز,3064,20525
فیلتر,9557,22012
قابله,196,21875
قاچاق,7138,11893
قاطبه,257,19634
قاعده,10605,20550
قافله,263,19857
قاموس,429,23636
قانون,191932,20817
قایمه,19,27345
قباحت,15,20423
قباله,181,21875
قبراق,20,21468
قبرکن,6,18477
قبلاً,28033,18007
قبیله,18449,18635
قدیمی,76211,17149
قرائت,7933,22252
قرابت,2062,25735
قرابه,45,25409
قراضه,324,22185
قراول,172,24973
قراین,770,29969
قربان,1541,26730
قرطاس,64,21524
قرقره,480,11824
قریحه,444,19780
قرینه,1764,23878
قساوت,535,22730
قشلاق,2351,16439
قشنگی,155,16956
قصابی,352,22427
قصداً,2,15932
قصیده,2836,16560
قضاوت,10412,20151
قضایا,1027,18560
قطعاً,5093,13606
قطیفه,4,14376
قلابی,399,24726
قلاده,663,22099
قلباً,226,18007
قلمرو,35907,20114
قلمزن,24,16390
قلندر,295,19864
قناعت,790,22361
قندیل,336,20180
قوادی,66,26124
قواعد,10704,20725
قوالی,76,25289
قویاً,1076,22420
قهراً,155,21929
قهقرا,163,21856
قیادت,142,26275
قیافه,761,23707
قیامت,2737,27671
قیقاج,1,19390
قیماق,20,23404
قیمتی,5317,17639
کابوس,900,22388
کابین,5389,27418
کاربر,30457,21840
کارتل,569,25496
کارتن,453,27816
کاردک,169,22064
کارکن,329,23549
کارگر,15225,19724
کاریز,707,26685
کاستی,966,25778
کاشتن,353,23398
کاشته,3443,22077
کاشکی,29,20661
کالبد,2353,22083
کالیو,11,25661
کامجو,2,22259
کانال,22407,20015
کانون,15850,21189
کاواک,519,15927
کاهلی,69,25486
کبریا,23,28632
کبکبه,9,9273
کبوتر,1767,20191
کبودی,598,20017
کبیره,371,22541
کتابت,4498,19631
کتمان,496,26513
کتیبه,14185,20332
کثافت,113,17809
کجاوه,188,21027
کجروی,13,20322
کدخدا,822,17166
کدورت,684,20415
کدیور,534,22940
کرامت,1829,27727
کرانه,5654,27490
کراهت,274,26495
کرایه,1454,29020
کرباس,458,24748
کردار,2713,22064
کرشمه,92,19427
کرهاً,17,22301
کریاس,20,27987
کسادی,190,25288
کسالت,1063,21928
کشتار,21393,24612
کشتگر,5,16017
کشکول,247,10895
کشمکش,5345,9010
کشنده,3617,16817
کشیدن,17954,19668
کشیده,47329,18347
کفاره,248,23763
کفاشی,199,22196
کفالت,1139,20555
کفایت,3545,24405
کفران,143,25084
کفگیر,94,18019
کلاسه,247,21602
کلافه,164,20229
کلاله,228,18694
کلانی,895,26807
کلفتی,391,17315
کلیات,2086,25812
کلیسا,19642,24453
کلیمی,257,16686
کم‌رو,32,19338
کم‌سن,127,16916
کم‌کم,9354,8746
کمانک,38,22246
کمانه,202,26187
کمانی,1319,29038
کمبود,25494,18398
کمرنگ,3374,20127
کمیاب,5408,27329
کمیته,39015,21952
کمینه,3664,22947
کناره,7939,27490
کنایه,2347,27806
کنایی,246,23865
کنترل,140954,20726
کندرو,206,21410
کنکاش,765,19131
کنکور,4756,17633
کنگره,35977,18895
کننده,34083,14759
کنیسه,1061,20682
کوپال,164,19767
کوتاه,71858,24135
کوچکی,29980,13141
کودتا,10112,23971
کودکی,30156,16464
کودنی,23,21726
کوران,466,27665
کوردل,38,19090
کوفتن,38,16959
کوفته,432,15638
کوکبه,13,13389
کولاک,250,18869
کوهان,181,25130
کهانت,82,25281
کهربا,577,25781
کهنگی,245,19211
کهولت,1922,17045
کیاست,254,25778
کیایی,430,18603
کیفیت,40373,14373
کیمیا,616,23776
کیوان,1602,27981
کیوسک,426,15595
کیهان,3848,27806
گاراژ,883,18051
گجسته,8,13712
گداخت,187,21091
گدازش,77,18910
گدایی,429,22038
گذران,2513,23475
گذشتن,3582,13292
گذشته,101755,11971
گرامر,2102,23118
گرامی,5120,29910
گرانی,2066,29999
گرایش,28767,26795
گرداب,576,25275
گردان,8485,26984
گردنه,1814,20893
گردون,322,21068
گرسنه,1393,20024
گرفتن,88063,18977
گرفته,270478,17656
گریان,665,29999
گریوه,32,22762
گزارش,160359,21609
گزاره,3779,23492
گزافه,70,18551
گزنده,401,16023
گزیدن,674,18874
گزیده,2535,17553
گزینش,6356,17155
گستاخ,183,20222
گسترش,118977,17146
گستره,6814,19029
گسستن,326,13874
گسسته,4197,12553
گشادن,19,22566
گشاده,610,21245
گشادی,272,24096
گشایش,8211,20319
گشوده,3807,15329
گفتار,10291,23747
گفتگو,22254,11355
گلابی,940,24756
گلایه,1717,25144
گلچین,976,16887
گلرنگ,482,16117
گلریز,136,19253
گلزار,736,22493
گلکار,99,22666
گلگشت,69,10704
گلگون,208,13757
گلوله,15775,12436
گمانه,2075,25845
گمراه,2218,27059
گمشده,2367,16386
گمنام,2665,21904
گنجور,38,18450
گنجشک,319,11695
گنجفه,55,13334
گنداب,58,24061
گوارا,4564,22061
گوارش,2627,24119
گواهی,11136,26318
گودال,1910,22304
گورکن,166,19070
گوریل,271,21763
گوشزد,1751,12994
گوهری,386,22762
گویچه,42,16740
گوییا,2,22377
گیلاس,1148,24111
گیلکی,1231,12950
لااقل,1252,14381
لاجرم,864,25782
لازمه,1577,23694
لاغری,736,26690
لاغیر,3,26690
لاقید,76,24950
لاهوت,218,25298
لئامت,1,22484
لباده,161,24245
لبالب,6,16527
لبخند,1178,17112
لبریز,427,21369
لبلاب,5,16527
لجاجت,202,18400
لجباز,63,19292
لرزان,304,26318
لشکری,6284,20047
لطافت,947,19477
لطیفه,392,15911
لعنتی,185,20656
لغایت,236,24481
لغزان,213,20290
لفافه,156,18450
لکاته,35,22961
لواحق,23,19661
لوازم,11063,23869
لودگی,83,19064
لوستر,81,20709
لوندی,23,22889
لیاقت,1945,25440
لیلاج,7,20925
لیوان,1357,29144
مائده,551,22993
مابقی,5901,26957
مابین,13100,30812
ماتحت,8,20636
ماترک,270,27727
ماتیک,159,28043
ماجرا,14685,22840
ماحصل,915,19954
مادام,2173,18982
مادگی,286,27211
مادون,2689,28360
مازاد,3473,20588
ماساژ,1388,18219
ماسبق,78,23073
ماشین,41451,29317
مافوق,2554,22263
ماقبل,2279,23107
مالیه,2946,28880
مامان,131,20467
ماندن,14210,24244
مانده,37953,28185
مانند,415913,24244
مانور,3450,31059
مانوی,5137,31375
ماورا,368,25797
ماوقع,79,22121
ماهور,2144,29738
ماهیت,19361,30205
ماجور,12,26956
ماخوذ,41,21167
ماذنه,8,24676
ماذون,63,24851
ماکول,33,24042
مالوف,11,23798
مامور,2076,25797
ماموم,5,19321
مامون,71,24583
مانوس,99,27491
مایوس,45,29021
مباحث,12997,20118
مباحی,9,26714
مبادا,2041,22535
مبادی,1103,29327
مبارز,6206,26840
مبارک,4490,27013
مباشر,677,27292
مبالغ,2079,22148
مبانی,8479,30812
مباهی,10,29491
مباین,25,30812
مبتدا,81,26802
مبتدع,7,18163
مبتدی,704,23562
مبتذل,684,16203
مبتکر,1401,21248
مبتلا,37476,25967
مبتنی,38805,25047
مبذول,449,16052
مبرات,18,29501
مبرور,8,19318
مبرهن,182,24405
مبعوث,395,14431
مبهوت,542,21050
متانت,387,24734
متاثر,724,26144
متاخر,5049,27526
متاسف,37,23915
متاسی,2,29172
متالم,4,22414
متاله,82,26355
متاهل,316,26355
متبحر,544,20633
متبرک,441,21248
متبسم,45,15901
متبوع,666,18502
متتبع,12,14386
متجدد,361,14376
متجسس,6,13507
متجلی,936,20333
متحجر,147,18239
متحرک,10160,18859
متحصن,828,16509
متحقق,165,12011
متحمل,8173,13546
متحول,2656,17662
متحیر,538,23872
متخصص,15321,11661
متخلف,866,15495
متخلق,40,15367
متدین,957,25271
متذکر,2392,17963
متراژ,560,26054
مترتب,214,19469
مترجم,9976,17075
متردد,8,19693
مترسک,312,20603
مترسل,18,21766
مترشح,8,19138
مترصد,287,20336
مترقی,1619,24115
مترنم,22,21178
متروک,3009,21811
متشبث,8,15247
متشتت,21,11498
متشخص,309,13719
متشرع,29,19367
متشکر,43,19753
متشکل,33405,16219
متشنج,835,17919
متصدی,2210,20652
متصرف,1624,18094
متصلب,6,16578
متصور,1596,20675
متضاد,4103,23578
متضرر,479,16245
متضمن,1953,15031
متعال,801,23807
متعبد,15,18163
متعجب,1086,15545
متعدد,29499,14610
متعدی,400,21402
متعذر,7,17577
متعرض,277,17638
متعصب,1812,15029
متعفن,90,17630
متعلق,60850,15182
متعلم,36,13775
متعین,155,22887
متغیر,29425,23156
متفرد,2,21228
متفرع,15,18844
متفرق,3668,18858
متفقه,17,16323
متفکر,2950,19230
متقال,56,23821
متقبل,447,17342
متقدم,1060,14624
متقلب,215,17342
متکبر,196,21248
متکثر,243,17891
متکدی,3,21788
متکفل,84,15696
متکلف,148,15696
متکلم,1491,14161
متلون,11,21760
متمدن,1694,18479
متمرد,221,19693
متمسک,58,14127
متمکن,158,16481
متملق,41,13789
متمنی,4,21494
متموج,10,14715
متمول,1221,16498
متنبه,103,22196
متنجس,10,18769
متنعم,14,16095
متنفذ,889,16505
متنفر,2277,22713
متنوع,12596,20211
متوجه,43197,18656
متوحش,69,16778
متورم,1118,20032
متوسط,41216,17165
متوسل,2947,19406
متوطن,79,19519
متوفا,112,25123
متوفی,2206,21883
متوقع,64,16356
متوقف,38448,16498
متولد,57464,20275
متولی,4321,23290
متوهم,102,17497
متهور,94,23973
متیقن,81,22901
مثابه,3468,22895
مثانه,1940,24604
مثقال,373,19750
مثلاً,37767,18416
مثنوی,4909,21539
مجادل,8,23083
مجاری,3538,29632
مجازی,16340,24762
مجاعه,8,21698
مجانی,1398,28418
مجاور,14651,26956
مجاهد,1293,24082
مجتمع,15009,11992
مجتهد,3772,18317
مجذوب,2382,14269
مجذور,713,17192
مجردی,459,23377
مجروح,11987,18088
مجسطی,25,16733
مجسمه,10478,13181
مجعول,605,14783
مجلات,8007,23573
مجلسی,4882,18974
مجموع,79538,11841
مجنون,2255,15710
مجهول,2289,17331
مچاله,165,22542
محابا,39,19922
محاجه,59,21469
محاذی,16,23429
محارب,211,26398
محارم,1157,22845
محاسب,184,22830
محاسن,754,24539
محاضر,80,23174
محافظ,7928,18079
محافل,7113,20846
محاکم,1959,18148
محاله,4,23252
محامد,21,20146
محبوب,21237,14006
محبوس,2989,16914
محتاج,1174,21795
محتاط,575,21337
محتال,16,23578
محترز,7,18686
محترق,139,18487
محترم,5236,17080
محتشم,551,12662
محتضر,59,17409
محتکر,57,18859
محتلم,9,13546
محتمل,5061,13546
محتوا,6244,24752
محتوم,200,14720
محتوی,3450,21512
محجبه,214,14990
محجوب,233,15165
محجور,89,18088
محدود,76833,14230
محذور,24,17197
محذوف,216,12256
محراب,4500,26398
محرقه,51,18161
محروس,8,19837
محروم,14573,16929
محزون,365,17321
محسوب,98904,16914
محسوس,2667,13361
محشور,247,18987
محصنه,150,16183
محصور,6294,17572
محصول,84362,14038
محظور,24,17104
محظوظ,141,10628
محفظه,5901,11988
محفوظ,3994,12163
محکمه,1175,12057
محکمی,2825,14908
محکوم,43497,12232
محلات,6277,23578
محلوج,4,14554
محلول,15676,13395
محمود,31876,14230
محمول,345,13395
محوری,7031,23721
محوطه,14825,15095
محیلی,2,16071
مخارج,4564,24418
مخازن,5548,23651
مخاصم,13,17426
مخاطب,9498,21037
مخافت,52,22585
مخالف,84292,21260
مختار,8098,27526
مخترع,5351,18887
مختصر,5784,18137
مختصه,183,15602
مختفی,34,19345
مختلس,1,16868
مختلط,5608,14661
مختلف,266296,15495
مختوم,249,15134
مختون,13,20396
مخدره,24,20945
مخدوش,2184,16702
مخدوم,312,14644
مخذول,6,14077
مخروب,66,20896
مخروط,2050,18044
مخلوط,15219,14510
مخلوع,397,15202
مخلوق,1835,15216
مخمصه,213,11335
مخملی,515,16485
مخمور,45,17343
مخیله,81,20426
مداحی,621,26938
مداخل,209,23502
مدارا,1894,25458
مدارج,1650,26617
مدارس,33755,28366
مدارک,15980,27237
مدافع,11953,21910
مداقه,115,24330
مداوا,1525,23098
مداوم,17064,23098
مدایح,206,26938
مداین,375,31036
مدبری,9,25771
مدرسه,78927,22275
مدرسی,1070,25126
مدفوع,2650,15994
مدفون,5889,19863
مدلول,103,16008
مدنیت,547,25271
مدهوش,197,19065
مدیحه,264,20847
مدینه,18696,24945
مدیون,4357,25120
مذاهب,8118,22967
مذبذب,4,8994
مذبوح,26,14274
مذکور,23964,17812
مذموم,934,9557
مذهبی,79094,19727
مرئوس,64,18743
مراتب,13317,29501
مراتع,3922,27341
مراثی,221,28669
مراجع,14661,24233
مراحل,33248,25787
مراحم,29,22845
مرارت,81,25948
مراره,19,25622
مراسم,93785,24589
مرافق,31,24623
مراقب,3191,26641
مراکز,47668,25066
مربوط,272786,20019
مرتاض,84,26277
مرتبط,63643,20170
مرتبه,18144,23410
مرتجع,323,18468
مرتجی,2,23867
مرتسم,1,18824
مرتشی,30,24766
مرتعش,214,19367
مرتفع,7361,18844
مرتکب,7906,21248
مرتهن,24,25119
مرثیه,763,22578
مرجوع,128,18317
مرحبا,116,26398
مرحله,92443,19696
مرحمت,546,17080
مرحوم,6837,16929
مرخصی,2441,20662
مرداب,1281,29011
مردار,216,25458
مردمی,28203,22218
مردنی,15,27480
مردود,3889,19542
مرسوم,12601,18673
مرصاد,251,26101
مرطوب,8698,20019
مرعوب,227,20711
مرغوب,1933,19766
مرفوع,69,18693
مرفین,390,25238
مرقوم,344,17172
مرکزی,117269,21826
مرکور,68,17544
مرموز,3020,17371
مرموق,3,17172
مرهون,1330,24968
مریضی,797,18770
مزاحم,1675,17975
مزارع,8963,24680
مزایا,1973,23603
مزبله,7,17215
مزبور,12173,20924
مزخرف,132,16368
مزدوج,1107,15831
مزدور,1458,21148
مزرعه,7308,18589
مزروع,43,18764
مزعفر,12,16183
مزمار,14,23287
مزمزه,46,10720
مژگان,383,22010
مسئول,44101,15209
مساجد,8235,23049
مساحت,141339,23544
مساعد,3418,23283
مساعی,939,26298
مسافت,8170,23915
مسافر,10510,26124
مساکن,287,25154
مسالک,239,22834
مسامح,16,19277
مساوی,14156,29021
مسبوق,301,17157
مستبد,1004,19678
مستتر,279,18824
مستحب,572,17065
مستحق,1301,14919
مستدل,575,19067
مسترد,514,22601
مستعد,5250,17518
مستغل,2,15738
مستقر,38570,20231
مستقل,74746,16697
مستمر,6391,18824
مستمع,60,13741
مستند,22257,21387
مستور,407,22940
مستوی,145,23256
مسجدی,3635,19809
مسحور,395,19837
مسخره,2174,20076
مسدود,11283,15974
مسرور,278,18673
مسطور,172,19374
مسعود,12116,17367
مسقطی,55,16981
مسکنت,18,19389
مسکوت,802,18243
مسکوک,532,13976
مسکون,702,19238
مسکین,200,21914
مسگری,118,22786
مسلسل,3493,11023
مسلول,35,15139
مسمار,3,24589
مسموع,97,13590
مسموم,4843,12197
مسواک,593,24008
مسوده,27,19915
مسیحی,30177,16037
مشئوم,4,11417
مشابه,64492,24757
مشارق,14,25146
مشاطه,10,21905
مشاعر,54,25132
مشاغل,9581,20653
مشاکل,4,21984
مشاور,21453,27855
مشاهد,294,24981
مشایخ,3609,25633
مشبهه,54,14725
مشتاق,3430,22937
مشتبه,66,18992
مشتری,14432,24766
مشتعل,693,15833
مشتمل,10367,14440
مشتهر,9,21915
مشحون,321,17773
مشخصه,6829,13393
مشربه,20,21201
مشرقی,448,21906
مشروب,2110,21376
مشروط,5740,18524
مشروع,4692,19216
مشعشع,113,8624
مشعوف,90,14275
مشغله,507,14562
مشغول,97225,14737
مشقات,141,22937
مشکات,247,23309
مشکوک,10285,13126
مشکین,803,21064
مشمئز,21,8907
مشمول,5265,14289
مشورت,8340,22090
مشهود,6640,19065
مشهور,86461,21764
مشیمه,79,17964
مصاحب,440,20565
مصادف,9147,21160
مصارف,6375,23859
مصالح,15022,19954
مصباح,3021,20565
مصداق,3936,21032
مصدوم,2867,13709
مصراع,1950,23717
مصروع,38,17801
مصروف,868,17943
مصطبه,70,14011
مصطفی,11127,14844
مصطلح,989,10623
مصلحت,4522,14189
مصلوب,1023,16427
مصنوع,630,16587
مصوری,223,23200
مصیبت,1206,20428
مضارع,833,23403
مضاعف,2474,18462
مضایق,30,23733
مضبوط,147,13872
مضحکه,140,12386
مضراب,299,25563
مضرات,525,26277
مضروب,1047,19647
مضطرب,658,16232
مضمحل,1093,9608
مضمضه,6,9443
مضموم,26,9618
مضمون,10075,14880
مضیقه,650,17642
مطابق,35575,20866
مطالب,22346,22401
مطاوی,21,26814
مطبعه,285,14761
مطبوخ,10,15121
مطبوع,2777,14936
مطران,107,27644
مطربه,4,19844
مطربی,140,22695
مطرود,662,20243
مطلقه,2190,14164
مطلوب,14850,16485
مطمئن,8975,11206
مظالم,201,18322
مظاهر,2883,25797
مظروف,19,17475
مظلمه,17,12231
مظلوم,728,12406
مظنون,3635,14726
معابد,5430,23928
معابر,2553,26627
معادل,37757,23317
معادن,10756,25637
معارج,16,24233
معارض,310,23403
معارف,9359,24609
معاشر,119,25132
معاصر,36735,23717
معاصی,87,24033
معاضد,68,20704
معافی,71,24925
معالج,992,20699
معالم,603,19540
معاند,383,25637
معانی,19222,28652
معاون,39015,25976
معایب,3423,26943
معبود,324,18012
معتاد,1798,24642
معتبر,24024,20862
معتدل,8168,17552
معترض,8976,17638
معترف,516,18844
معتقد,73230,16017
معتکف,118,14147
معتمد,2531,14610
معجزه,2678,13272
معجون,473,17103
معدلت,22,17552
معدود,9044,14459
معدوم,716,14459
معذرت,405,17577
معذور,155,17426
معراج,1432,24233
معرفت,6332,18844
معرفی,137038,21369
معرکه,755,18762
معروض,122,17487
معروف,140025,18693
معزول,1024,15230
معشوق,2516,14147
معصوم,3661,11325
معصیت,335,18268
معطلی,278,17001
معطوف,6953,12918
معقول,3569,15031
معکوس,10959,15369
معلمی,2255,16300
معلول,2985,13624
معلوم,19636,13624
معمار,10868,23074
معمور,254,17158
معمول,44695,13624
معنبر,4,21857
معنوی,18736,22736
معوقه,319,16030
معیار,13144,29866
معیشت,1820,19683
معیوب,1790,21027
مغاره,105,26070
مغازه,3739,21200
مغازی,111,24051
مغایر,3833,28921
مغبون,67,18552
مغتنم,307,15150
مغرور,1072,16213
مغشوش,479,11795
مغضوب,614,13619
مغفرت,203,17899
مغفور,69,17748
مغلطه,143,13205
مغلوب,10320,16232
مغلوط,50,13380
مغلول,3,12679
مغموم,70,9737
مغنیه,261,21616
مفاخر,1299,24794
مفاسد,744,23425
مفاصل,3243,20325
مفتاح,226,22171
مفتخر,2159,19029
مفترض,31,17780
مفتری,22,24243
مفتضح,157,12468
مفتقر,11,18858
مفتوح,449,16255
مفتول,533,18033
مفتون,294,20353
مفروز,5,18906
مفروش,415,19358
مفروض,1320,17629
مفروق,13,18707
مفسده,118,17334
مفعول,1489,15159
مفقود,2954,16008
مفلسی,2,19350
مفلوج,28,14925
مفلوک,62,15545
مفهوم,59921,14765
مقابر,1239,26641
مقابل,127470,23107
مقاتل,300,23821
مقارن,4987,28350
مقاصد,6010,21032
مقاطع,8372,18706
مقاله,49382,23495
مقامه,29,20553
مقاوم,10239,20728
مقبره,14678,20550
مقبول,1497,17191
مقتبس,155,17308
مقتدا,70,24656
مقتدر,3287,21100
مقترن,62,22585
مقتصد,27,15267
مقتضی,935,17968
مقتول,2328,17905
مقدار,92900,26865
مقدمه,10397,14298
مقدور,1615,20949
مقراض,14,23417
مقرری,1206,19848
مقرنس,2901,21226
مقروض,284,17501
مقرون,3425,22434
مقسوم,590,13604
مقصود,6392,15116
مقصور,154,17815
مقطوع,273,12790
مقلوب,114,17191
مقنعه,110,17176
مقننه,2387,15783
مقوله,3229,17579
مقهور,386,21113
مقیاس,41020,26312
مکاتب,4959,24804
مکارم,1638,23460
مکاره,45,27401
مکاری,33,30252
مکاسب,662,23445
مکانت,31,26513
مکاید,9,27553
مکتبی,2127,21564
مکتسب,15,17680
مکتشف,177,14812
مکتوب,7628,18888
مکتوم,688,15335
مکرمت,5,17695
مکروه,223,21485
مکشوف,404,14661
مکنون,49,16330
مکیدن,602,22783
مکینه,30,22947
ملاحت,89,23578
ملازم,1475,19753
ملاست,3,25322
ملافه,73,23623
ملاقه,83,23495
ملالت,158,22414
ملامت,745,22414
ملاهی,23,28880
ملایم,4748,24939
ملایی,474,24939
ملبوس,29,18692
ملتجی,5,20333
ملتزم,406,13988
ملتفت,117,13917
ملتمس,12,15290
ملتهب,783,19876
ملحفه,103,14755
ملحوظ,168,13570
ملعبه,8,17002
ملعون,223,18886
ملفوظ,185,13941
ملکوت,754,18277
ملکوک,5,14010
ملکول,65,14010
ملکیت,284,20953
ملموس,1651,15139
ملوان,3586,27525
ملودی,4667,22800
ملهوف,8,17707
ممالک,5070,19926
ممتاز,7121,21078
ممتحن,223,15866
ممتنع,33460,16095
ممدوح,488,14230
ممدود,32,13066
ممزوج,306,12054
مملکت,7783,14161
مملوک,286,14010
ممنوع,28101,15944
ممنون,269,14551
ممهور,236,19706
ممیزی,1176,13571
منابر,543,30496
منابع,158487,25413
منادی,351,31036
مناره,3132,30884
منازع,61,23466
منازل,5620,25015
مناسب,69233,26928
مناسک,2411,25154
مناصب,4263,24663
مناطق,166252,22575
مناظر,4542,27118
مناعت,111,26127
منافذ,1749,22270
منافع,22486,23395
منافق,266,23409
منافی,665,28794
مناقب,1148,25427
مناهج,16,25567
مناهی,94,31200
منبری,342,27256
منبسط,1357,17597
منبعث,313,15577
منتخب,11698,19833
منتزع,556,17701
منتسب,7300,21163
منتشا,8,26792
منتشر,309225,23236
منتصر,420,21821
منتظر,10193,21353
منتظم,1479,14877
منتفع,289,17630
منتفی,2792,23029
منتقد,11968,19886
منتقل,74019,19051
منتقم,40,16109
منتها,864,28675
منتهی,16515,25435
منثور,1561,21223
منجمد,2202,15371
منحرف,5054,19610
منحصر,19838,18718
منحنی,8561,18391
منحوس,83,18623
منحول,22,18657
مندرج,2690,21847
مندرس,267,23596
مندوب,7,21881
مندیل,113,23946
منزجر,240,19676
منزلت,2526,19250
منزوی,3235,22949
منسجم,3727,14502
منسوب,16362,21012
منسوج,92,18618
منسوخ,5442,19037
منشات,16,26792
منشعب,4785,17439
منشور,6352,23085
منصرف,5566,19089
منصوب,48830,18747
منصور,9766,21670
منضبط,304,15018
منطبق,6561,16096
منطفی,7,19463
منطقه,299752,16484
منطقی,17099,19335
منطوق,5,16659
منظره,2738,21027
منظور,102417,21202
منظوم,2423,14726
منعطف,764,14064
منعقد,6969,17012
منعکس,8582,16515
منفجر,7207,19605
منفصل,740,15555
منفعت,2204,17630
منفعل,1087,16305
منفور,977,22562
منقاد,161,25651
منقار,1625,28350
منقاش,24,23932
منقبت,206,19662
منقبض,1601,15724
منقرض,5769,18647
منقسم,514,14750
منقضی,990,18963
منقطع,650,13936
منقلب,278,18337
منقوش,1639,18016
منقوط,9,16659
منقول,1978,18900
منکسر,26,21598
منکوب,170,19883
منوال,1293,27525
منهدم,4200,18153
منهزم,350,15982
مواجب,1008,24033
مواجه,46226,24421
موارد,157531,29574
موازی,14192,27719
مواشی,118,28171
مواضع,10905,21043
مواطن,14,25284
مواظب,563,23049
مواعظ,492,20889
موافق,13878,22263
مواقف,60,22263
موالی,939,29055
موانع,6896,25976
مواهب,276,26815
موبور,26,19318
موتور,52177,20032
موثوق,3,10892
موجود,155558,14225
موچین,29,21797
موروث,30,15961
موزون,2029,16157
موزیک,9811,19466
موسمی,935,18989
موسوم,28950,12197
موسوی,20025,18989
موسیر,146,25465
موصوف,1060,11467
موصول,43,12874
موضوع,126878,11011
موعدی,83,21251
موعظه,1353,14798
موعود,4833,14459
موفور,4,17300
موقتی,4274,21755
موقوف,339,12231
موکول,3072,14010
مولود,665,16008
موهبت,750,21050
موهوم,263,13230
مویان,8,31375
مهابت,13,26966
مهاجر,10757,26781
مهارت,15253,29889
مهالک,12,23867
مهتاب,704,26966
مهتری,95,26649
مهجور,524,20865
مهریه,835,22382
مهشید,245,21741
مهلکه,791,13835
مهمات,6781,23413
مهمان,9492,24408
مهملی,10,18848
مهندس,14509,21061
مهیمن,61,21168
میانه,39651,31200
میترا,2722,32740
میثاق,1691,23600
میدان,94128,31036
میراب,28,32026
میراث,27379,28669
میزان,123995,28865
میسره,104,25290
میسور,110,25465
میشوم,3,18139
میعاد,49,27167
میعان,258,28652
میقات,71,27671
میکده,188,21462
میکرب,68,23773
میگون,93,22780
میلاد,115425,28716
میمنت,136,21494
میمنه,334,21168
میمون,2470,21343
مینوت,32,25610
موالف,4,23798
موتلف,17,18033
موتمر,32,20032
موتمن,30,18818
موخره,195,21284
موسسه,5905,16138
ناامن,1044,20467
نااهل,57,22177
ناباب,55,18847
نابجا,573,20006
نابغه,1435,23236
نابلد,12,25566
نابود,30010,26740
ناپاک,630,17971
ناجنس,16,19361
ناجور,204,27045
ناچار,14140,22224
ناچیز,5645,24146
ناحیت,337,27517
ناحیه,78182,27191
ناخدا,1268,20649
ناخلف,27,21349
ناخوش,204,23046
نادار,93,25547
نادان,725,19071
نادره,141,29488
نارسا,188,24678
ناروا,706,25886
نازان,14,16900
نازکی,1703,25471
ناساز,45,19808
ناسره,100,28619
ناسزا,1178,19808
ناسور,19,28794
ناشاد,84,21129
ناشتا,280,21619
ناشکر,6,25607
ناصاف,295,17472
ناصیه,19,26670
ناطقه,73,21343
ناطور,18,26587
ناقلا,43,19643
ناقوس,932,23725
ناکام,7531,22246
ناکسی,14,26773
ناگاه,1036,20672
نالان,84,18236
نامجو,489,25742
نامرد,54,30720
نامزد,56064,25850
نامور,1059,31059
ناموس,806,27491
نامیه,65,31200
نانوا,300,19410
ناورد,13,29663
ناهار,1353,25711
ناهید,4947,29804
نایاب,1018,25639
نایره,16,32503
نبراس,6,28231
نبرده,550,23009
نبشته,953,19081
نبیره,259,26024
نپخته,84,15946
نتیجه,176307,21421
نجابت,434,24273
نجاست,400,23628
نجومی,4685,22502
نحوست,41,17717
نخاله,86,23755
نخجیر,105,21267
نداری,461,32339
ندافی,15,27398
ندامت,510,28511
ندیمه,288,24945
نرگسه,15,20024
نرمال,5628,29885
نرینه,136,22471
نزاکت,297,22946
نزدیک,151000,19216
نژاده,298,23118
نژندی,43,15937
نساجی,3671,26153
نستوه,400,20494
نسناس,21,18202
نسوان,948,22318
نسیان,36,24994
نشانه,19111,21293
نشانی,9041,24144
نشدنی,1790,17889
نشریه,20899,24529
نشستن,6042,14495
نشیمن,1649,19285
نصارا,198,22413
نصیبه,15,20191
نصیحت,1654,18128
نظارت,47373,26212
نظاره,887,25886
نظافت,1329,21271
نظامی,158841,27434
نظراً,2,22018
نظریه,64184,22646
نظمیه,639,21343
نعلین,77,16389
نفاست,117,24004
نفتکش,783,14901
نفرین,3895,20065
نقابت,364,24521
نقادی,354,27270
نقاره,644,27118
نقاشی,37008,25551
نقاهت,294,24909
نقداً,57,20551
نقصان,779,17344
نقیصه,253,18045
نکوهش,2858,17156
نگارش,26912,25265
نگاره,2999,27148
نگران,11034,23207
نم‌نم,23,12229
نمامی,16,27259
نمایش,127934,29317
نمدار,121,30720
نمکین,138,19006
نمناک,458,22246
نمودن,12144,18328
نمونه,75725,18492
ننگین,484,13491
نوآور,586,16404
نواحی,48530,27366
نواخت,1254,25255
نواده,1447,27128
نوازش,1154,23074
نواگر,3,27323
نواله,7,26293
نوساز,683,23924
نوسان,4941,22318
نوشتن,43961,15703
نوشته,144524,19644
نوشین,383,18228
نوکار,3,27665
نوگرا,675,27323
نومید,394,25120
نویسه,1516,23019
نهادن,2554,23012
نهالی,52,28969
نهامی,4,31200
نهانی,656,26027
نهایت,92164,30294
نهایی,63962,26027
نهفتن,14,15005
نهفته,3714,15005
نی‌زن,66,15454
نیابت,4068,29906
نیایش,4589,24144
نیران,6,28562
نیرنگ,1438,19967
نیزار,519,30168
نیستی,938,19229
نیشتر,67,24855
نیکخو,5,19527
نیوشا,75,28260
واجبی,273,25652
وادار,12365,24401
وارسی,864,30324
وارون,1718,25886
وازده,16,23472
واسطه,20755,21698
واقعه,19152,20889
واقعی,59173,23740
واکنش,65654,23247
واگشت,17,21910
واگیر,497,28853
والده,393,24808
واهمه,1152,23262
وثاقت,179,20018
وثیقه,2308,16452
وجاهت,400,23515
وجدان,2186,24346
وخشور,17,14228
ودیعه,274,20019
وراجی,14,28575
وردست,14,21544
ورودی,52470,21161
وزارت,141979,26497
وزیدن,383,21553
وساده,9,24774
وساطت,2916,22024
وسایط,248,24549
وسایل,26289,26790
وسواس,2024,17056
وسوسه,1357,10965
وسیله,61261,20699
وصایت,426,25850
وضعیت,90865,16897
وطواط,88,14849
وظیفه,37881,16559
وقاحت,112,20986
وقایع,24933,23740
وکالت,5048,23136
وگرنه,2382,21232
ولادت,3223,25134
ولایت,36409,28149
ولخرج,122,16271
ولگرد,547,18748
ولوله,49,10999
ولیمه,61,22964
ویران,17555,32678
ویروس,31339,20292
ویزیت,524,16781
ویژگی,38885,12451
ویلان,38,29144
هارون,8135,29827
هاضمه,139,19475
هامون,1411,28524
هاویه,61,24881
هجران,234,26870
هجویه,56,16008
هدایت,53528,28809
هذیان,515,26295
هرچند,49771,19910
هرروز,258,16139
هرزگی,287,20252
هرماس,72,28530
هزیمت,549,21779
هزینه,51824,17601
هشدار,20337,26284
هشیار,694,29299
هلاکت,879,22961
هلاهل,4,16915
هلهله,83,6883
هماره,132,25622
همانا,2149,24408
هماور,111,29738
همباز,17,24305
هم‌پا,31,21838
همدست,1675,20066
همدلی,1758,22625
همدمی,127,19683
همراز,29,27228
همراه,312484,25622
همرنگ,638,22289
همزاد,801,24529
همساز,366,23660
همسان,2730,27316
هم‌سن,134,19078
همکار,6821,27401
همگان,8237,25845
همگرا,1839,27059
همگون,749,19929
هموار,7255,29738
هموژن,31,18598
همهمه,188,9114
همیان,75,31200
همیشه,53353,17964
هنجار,705,26870
هنرور,107,19795
هنگام,156926,25845
هنگفت,1260,16442
هوایی,74550,24881
هویدا,3479,28658
هیاهو,774,24881
هیجان,5030,27186
هیربد,158,24539
هیمنه,10,21168
هیولا,2355,27823
هیهات,38,25032
یاخته,2885,26610
یاسمن,210,30167
یافتن,38023,27888
یاوری,681,27416
یبوست,861,21636
یحتمل,271,20338
یزدان,1040,27469
یقینی,484,13461
